True Label,Predicted Label,Probability
0,0,0.021852633
1,0,0.27791846
0,0,0.16774605
0,0,0.06655653
1,1,0.5414029
1,0,0.25082627
0,0,0.21530053
0,0,0.10669966
0,0,0.047737766
0,0,0.009671796
0,0,0.086799376
0,0,0.041907072
0,0,0.021983359
0,0,0.019470116
1,0,0.038266193
0,0,0.033959635
0,0,0.0112279905
0,1,0.5992905
1,1,0.9429906
1,0,0.38302833
1,1,0.9995936
0,0,0.0767417
1,1,0.7480845
0,0,0.031821154
0,0,0.08669062
0,0,0.15356688
0,0,0.34188423
1,0,0.3873704
0,0,0.23816518
0,1,0.50048345
1,1,0.99976915
0,0,0.025348937
1,1,0.96192056
1,1,0.9997879
1,1,0.9998177
1,1,0.9582617
0,0,0.18917178
1,1,0.9759469
1,1,0.9981991
1,1,0.99992204
0,0,0.12098274
0,0,0.32393378
0,0,0.11939744
1,1,0.5602231
0,0,0.09360562
0,0,0.016315788
0,0,0.044513963
0,1,0.5202344
0,0,0.010842039
0,0,0.10275399
1,1,0.5798511
0,0,0.11341829
1,1,0.5390237
0,0,0.02882366
1,0,0.14898285
1,1,0.53439164
1,1,0.9999622
1,1,0.78891885
0,0,0.06100671
0,1,0.65665
0,1,0.65665
0,0,0.1262233
0,0,0.1262233
0,0,0.09905085
0,0,0.16939393
0,0,0.027893689
1,1,0.9999994
1,1,0.95542496
0,0,0.028616425
0,0,0.05745754
1,1,0.9863587
1,1,0.9996486
1,1,0.9984675
0,0,0.4142021
1,1,0.9999752
1,1,0.79030776
1,1,0.68405014
1,1,0.7428911
1,1,0.98406273
1,1,0.8658123
1,1,0.697913
0,0,0.014870892
0,1,0.61758584
1,1,0.9997688
0,0,0.3232599
1,1,0.9999654
1,1,0.89365596
0,1,0.61614114
0,0,0.013954333
0,0,0.15395994
1,0,0.35851842
0,0,0.2500013
0,1,0.5193721
1,1,0.93163794
1,1,0.9999939
1,1,0.99990606
0,0,0.024872098
0,0,0.26210678
1,1,0.5912579
1,1,0.6667317
0,0,0.06200055
1,1,0.84057087
1,0,0.3351361
0,0,0.054942504
0,0,0.1239611
1,1,0.99484205
0,0,0.026829232
1,0,0.41992143
0,1,0.6860787
0,0,0.11607303
1,1,0.9976463
1,0,0.49394467
0,0,0.22420964
1,1,0.8196921
0,0,0.12942785
0,1,0.5938375
0,0,0.29045177
1,1,0.98667914
1,0,0.2649091
0,0,0.45731014
0,1,0.59755665
1,1,0.9936422
1,1,0.82289624
0,1,0.7277532
0,0,0.354646
0,0,0.031315446
1,1,0.9959007
1,1,0.9992069
0,0,0.052247185
0,0,0.018858042
0,0,0.063593574
1,1,0.99958545
1,1,0.95572567
1,1,0.9992005
0,1,0.5266249
0,0,0.2817355
0,0,0.051799227
1,1,0.9969522
1,1,0.9999136
1,0,0.07478277
0,0,0.15458755
1,1,0.9563738
0,0,0.20321728
0,0,0.29287153
1,1,0.93407875
1,1,0.67370725
0,0,0.025238018
1,1,0.98433775
0,0,0.37908545
1,1,0.9494661
0,0,0.116884165
0,0,0.023255894
1,1,0.99434245
1,1,0.98650694
1,1,0.95123523
1,1,0.995218
1,1,0.54643476
0,0,0.09629508
1,0,0.07201355
0,0,0.097519346
1,1,0.99998534
0,0,0.024138328
1,0,0.47409916
0,0,0.38342345
1,1,0.99988997
0,0,0.4188221
0,0,0.086461954
1,1,0.9993144
0,0,0.1732309
1,1,0.91222477
0,0,0.25176385
1,1,0.974986
1,1,0.9976355
1,0,0.06864085
1,1,0.9999602
1,0,0.48253813
1,1,0.99185055
1,1,0.99807036
1,1,0.9982284
0,0,0.024549603
0,1,0.5255008
0,0,0.055159923
0,0,0.07950658
0,0,0.03228166
0,0,0.0056004683
0,0,0.22654805
0,0,0.33124873
1,1,0.820994
0,0,0.27823782
0,0,0.036286272
0,0,0.15707284
1,1,0.9733574
0,0,0.4678486
0,0,0.015166305
0,0,0.17016517
0,0,0.021948077
0,0,0.35106814
0,0,0.23737974
1,1,0.59502214
1,1,0.9535926
0,0,0.08021042
1,1,0.99924964
0,0,0.10223952
1,0,0.20412007
1,1,0.99448484
0,0,0.12073531
1,0,0.49832395
0,0,0.0110227065
0,0,0.06483551
1,1,0.99997914
0,0,0.045886293
0,1,0.53010106
1,0,0.023238044
0,1,0.5084472
0,0,0.08194016
1,1,0.9995442
0,0,0.32226008
1,1,0.9865067
1,1,0.9999951
0,0,0.048536118
1,1,0.79465586
1,1,0.9984372
0,0,0.36489484
1,1,0.9999547
0,0,0.15611856
1,1,0.9967859
1,1,0.95070326
0,0,0.13479108
1,1,1.0
1,1,0.99825376
0,0,0.07367757
1,1,0.966733
1,1,0.9952689
0,0,0.110237874
1,1,0.99994683
0,0,0.0117044095
1,1,0.998135
0,0,0.04591788
1,1,0.7596812
1,1,0.9999888
0,0,0.015193223
1,1,0.99863786
0,0,0.39662537
0,0,0.06112134
1,1,0.9984479
0,0,0.49232972
0,0,0.39403188
1,0,0.42774647
1,1,0.99718153
1,1,0.7724075
1,1,0.9960132
1,1,0.9995935
1,1,0.9304945
1,0,0.023919431
1,1,0.7604772
1,1,0.9999286
1,1,0.99989223
1,1,0.9715148
1,1,0.99998844
1,1,0.9998845
0,0,0.07711044
1,1,0.9550108
0,1,0.8363697
0,0,0.08141644
0,0,0.072830334
1,1,0.9985666
0,0,0.23748988
1,1,0.9981688
0,0,0.005806258
0,0,0.23006131
0,0,0.20445092
0,0,0.1846082
0,0,0.15384169
0,0,0.03274316
0,0,0.1172065
0,0,0.108313955
0,0,0.45445842
1,1,0.97329557
1,1,0.99999654
1,1,1.0
1,1,0.9999794
1,0,0.106615655
0,0,0.07718519
1,1,0.9088075
1,1,0.88296646
1,1,0.94707125
0,0,0.048579194
0,0,0.019979596
1,1,0.99971443
1,1,0.71876574
0,0,0.041527767
0,0,0.16262247
0,0,0.041875225
0,0,0.04440665
0,0,0.16863938
0,0,0.10178964
0,0,0.16937532
1,1,0.9641587
0,0,0.2237533
0,0,0.3178128
0,0,0.03271818
1,1,0.9998293
0,0,0.009645579
1,1,0.9153452
1,1,0.96946114
1,1,0.9451511
1,0,0.14790319
1,1,0.9914526
1,1,0.9993281
1,0,0.3653221
1,1,0.6027573
0,0,0.34544575
0,0,0.03642891
0,0,0.020238437
0,0,0.14038914
0,0,0.075472504
1,1,0.99767107
1,1,0.9743764
0,0,0.0461576
0,0,0.1261133
0,0,0.13065916
0,0,0.112440355
1,0,0.17620198
1,1,0.987735
0,0,0.19018324
0,0,0.17506336
1,1,0.9991524
0,0,0.0063576517
0,1,0.61670846
0,0,0.05977238
1,1,0.98384607
0,0,0.03469756
1,1,0.99827766
1,1,0.9986552
0,0,0.2632982
1,0,0.26915973
0,1,0.77295715
0,0,0.043403212
0,0,0.05106433
1,1,0.9437018
1,1,0.9191124
0,0,0.120804034
0,0,0.057700586
0,0,0.029134648
0,0,0.42743045
0,0,0.06293771
0,0,0.047624182
0,0,0.011567403
1,1,0.99544096
1,1,0.5370443
0,0,0.17687242
1,1,0.9999999
0,0,0.08579854
0,0,0.0730832
1,1,0.9993563
0,0,0.06519013
1,0,0.04011835
0,1,0.5266554
0,0,0.2257425
1,1,0.6757536
0,0,0.28383416
0,0,0.26336697
1,0,0.23125462
0,0,0.26738188
0,0,0.053714737
0,0,0.020948391
1,1,0.9952719
1,1,0.9998398
0,0,0.3718215
1,1,0.9870049
1,1,0.99999297
1,1,0.76829726
1,1,0.9999883
0,0,0.08091348
0,0,0.3791211
0,0,0.15445554
1,1,0.9456432
1,1,0.9999099
1,1,0.9980209
1,1,0.9999633
1,1,0.9999945
0,0,0.029599108
1,1,0.9779272
1,1,0.99999857
1,1,0.99975556
1,1,0.9911691
0,0,0.018341865
1,0,0.20952441
0,0,0.11810887
0,0,0.20613246
0,0,0.19070657
0,0,0.016554218
0,0,0.449885
0,0,0.10309184
0,0,0.4508813
0,0,0.12501507
0,0,0.34398818
1,1,0.6086154
1,1,0.99984753
1,0,0.2831082
0,0,0.009727576
1,1,0.8574111
1,1,0.91701907
0,0,0.060478907
1,1,0.999998
1,0,0.119409606
0,0,0.015273788
1,1,0.99922836
1,1,0.9991935
1,1,0.9801052
1,1,0.8592913
1,1,0.99910563
0,0,0.32134047
0,0,0.10965958
1,1,0.7263043
1,1,0.9218075
1,1,0.9993469
0,0,0.070469365
0,0,0.12272579
0,0,0.13424532
1,1,0.8147037
1,1,0.7628859
1,1,0.9996344
1,0,0.42160717
1,1,0.9984511
0,0,0.19888102
0,0,0.28584096
0,0,0.23690693
0,0,0.014190579
0,0,0.016729372
0,0,0.11283919
0,1,0.90964216
1,1,0.6053644
1,1,0.9998145
0,0,0.030077152
0,0,0.29144135
1,0,0.2965916
1,0,0.10438341
1,0,0.32719466
0,0,0.05368404
0,0,0.38268688
1,1,0.89318895
1,1,0.99982846
1,1,0.90950745
1,1,0.56880647
0,0,0.011914394
0,1,0.9296364
0,1,0.8870143
0,0,0.21057354
1,1,0.9911686
0,0,0.23873453
0,0,0.08339085
1,1,0.9990429
1,1,0.994403
1,0,0.099309064
1,1,0.9985753
1,1,0.9998183
1,1,0.982589
0,0,0.23326044
1,1,0.6284649
1,0,0.34727085
0,0,0.1543441
0,0,0.09242944
1,1,0.71482867
1,1,0.7825409
0,0,0.03225556
0,0,0.041889425
0,0,0.19725253
1,1,0.99995255
0,0,0.024800288
1,1,0.9999993
0,0,0.18430872
1,1,0.9999994
0,0,0.051609777
0,0,0.48918447
0,0,0.10421775
0,0,0.3275688
0,0,0.07585519
0,0,0.36961594
0,0,0.28481355
0,0,0.01493503
0,0,0.15022585
1,1,0.99880934
1,1,0.9996244
0,0,0.39017278
1,1,0.91224253
0,0,0.011320236
1,1,0.9993337
1,1,0.9999958
0,0,0.11712508
1,1,0.83371496
1,1,0.9946065
0,0,0.038223468
0,0,0.15830003
1,1,0.9654079
0,0,0.099101506
0,0,0.03524925
1,0,0.4645571
1,1,0.9994949
1,1,0.85237205
0,1,0.74458766
1,1,0.998939
1,1,0.76265204
0,1,0.9034001
1,1,0.9553414
1,1,0.9827806
1,1,0.532061
1,1,0.9999924
1,1,0.871568
0,0,0.19202656
1,1,0.56452847
1,1,0.9997236
1,1,0.99973494
0,0,0.31058505
0,0,0.118971065
1,1,0.9841015
1,1,0.936848
1,1,0.9996278
1,1,0.9849712
1,0,0.36057702
1,1,0.99977493
1,0,0.32228917
0,0,0.1400979
0,0,0.12175987
1,1,0.8825338
1,1,0.99997234
0,0,0.08806991
0,0,0.0060358993
1,1,0.99960995
1,1,0.99999774
1,0,0.113020994
0,0,0.28884187
0,0,0.048255436
1,1,0.72644794
0,0,0.038150568
0,1,0.97133166
1,0,0.12268908
0,0,0.03821804
1,1,0.9999238
0,0,0.0484326
1,0,0.043923866
0,0,0.04870289
0,0,0.33684686
0,0,0.4838539
0,0,0.047054946
0,0,0.076528996
0,0,0.44852677
1,1,0.97479814
1,0,0.17399126
0,0,0.03623613
0,0,0.3604604
1,1,0.99586684
0,0,0.14925192
0,0,0.061513163
0,0,0.05893966
1,1,0.58923995
0,0,0.31115854
0,1,0.62614614
0,0,0.006567658
1,1,0.7387413
1,1,0.63830316
0,0,0.023378
0,0,0.020541703
0,0,0.046711273
1,1,0.85479015
1,1,0.99802387
0,1,0.81922054
0,0,0.106505826
1,1,0.99664104
1,1,0.5628061
1,1,0.9199897
1,1,0.9999999
0,0,0.07261963
0,0,0.04174622
1,1,0.6153164
1,1,0.9958815
1,1,0.9989686
1,0,0.24245836
1,1,0.9999931
1,1,0.98287445
1,1,0.53363585
1,1,0.9757429
0,0,0.12015131
1,1,0.9987387
1,0,0.1407745
0,0,0.03326697
1,1,0.9306961
1,1,0.9968586
1,1,0.66005135
1,1,0.71435845
0,0,0.08192592
1,1,0.5190372
1,1,0.9994142
0,0,0.009325422
0,1,0.61897755
1,1,0.99957687
0,1,0.5378137
1,1,0.9988494
1,1,0.9337509
1,1,0.9886606
0,0,0.06469325
0,0,0.19010527
1,1,0.99586874
0,0,0.122750714
0,0,0.06578379
0,0,0.119875826
1,1,0.99104476
0,0,0.059050433
1,1,0.7847871
0,0,0.23428275
1,1,0.63444984
0,0,0.10657955
0,0,0.21719217
1,1,0.96560085
1,1,0.67853355
0,0,0.089608625
0,0,0.42233905
0,1,0.69244933
1,1,0.8288491
1,1,0.9995375
0,0,0.17606446
1,1,0.9995929
0,0,0.44761178
1,1,0.90165836
1,1,0.99759763
1,1,0.9548288
0,0,0.035565253
1,1,0.9658492
0,1,0.69133174
1,1,0.9646541
0,0,0.04887834
1,0,0.16391674
0,0,0.017291585
0,0,0.17284274
0,0,0.33079574
1,1,0.9986406
0,1,0.8337802
1,1,0.99737537
1,1,0.998776
1,1,0.6860728
0,0,0.061283864
1,1,0.6988357
1,1,0.99050766
1,1,0.98355645
1,0,0.14725906
0,0,0.062191695
1,0,0.04707567
1,1,0.9978441
1,1,0.999697
0,0,0.08695161
0,0,0.059324704
0,0,0.31269664
1,0,0.025689652
1,1,0.8087898
0,0,0.21681382
0,0,0.024719127
1,1,0.9314047
1,1,0.9838102
1,1,0.78046817
0,0,0.16826206
0,0,0.023804698
0,0,0.1957384
0,0,0.07508318
0,0,0.23795868
0,0,0.066239186
0,0,0.03559513
1,1,0.9861451
0,0,0.16174051
1,0,0.25682974
1,1,1.0
0,0,0.27756548
0,0,0.1088447
1,1,0.9999964
0,0,0.26098996
0,0,0.08198447
1,1,0.99806684
1,0,0.32531285
0,0,0.071679674
1,1,0.78776735
1,0,0.27576345
0,1,0.87155926
1,1,0.9256514
0,0,0.048866123
0,0,0.123232126
1,1,0.99991846
1,0,0.04095563
0,0,0.032943323
1,1,0.9565159
0,0,0.11335013
0,1,0.9252637
0,1,0.52484125
0,0,0.122827746
1,1,0.9998863
1,1,0.70865434
1,1,0.997952
1,1,0.8936762
1,1,0.9812826
0,0,0.14816028
1,1,0.97089523
0,0,0.29209766
1,1,0.9999832
1,1,0.9954307
1,1,0.9977743
1,1,0.9791142
1,1,0.9951667
0,0,0.13406336
1,1,0.9991548
1,1,0.99933106
0,0,0.311254
0,0,0.43839332
1,1,0.9906397
1,1,0.99565786
0,0,0.02304768
0,0,0.03970281
1,1,0.9999764
0,1,0.5697416
1,1,0.99989974
0,0,0.005263643
0,0,0.4425557
1,1,0.9688805
0,0,0.016776836
0,0,0.04149924
0,0,0.3547981
0,1,0.80632013
0,0,0.04176908
0,0,0.025106478
0,0,0.2351672
1,0,0.30299458
1,1,0.8614745
0,0,0.3243074
0,0,0.31307647
1,0,0.09325533
0,0,0.18285772
1,1,0.7712871
1,1,0.9384874
0,1,0.5553804
0,0,0.19991262
1,1,0.999693
0,0,0.13061725
1,1,0.9492139
1,1,0.84768987
1,1,0.7848338
1,1,0.9998654
0,0,0.33063087
1,1,0.9991423
1,1,0.9874065
1,1,0.99957925
1,1,0.99644744
1,1,0.9674256
0,0,0.20006396
1,1,0.9578379
0,0,0.008461727
1,1,0.97736037
1,1,0.99954754
1,1,0.99968904
1,1,0.56971234
1,1,0.99897736
0,0,0.16978106
0,1,0.563432
0,1,0.9734625
1,1,0.9962438
1,1,0.99990857
1,1,0.9995776
1,0,0.09286174
0,0,0.22970347
1,1,0.9950452
1,1,0.9874709
0,0,0.075122364
1,1,0.9999943
0,0,0.30086413
1,1,0.873276
1,1,0.9955051
0,0,0.2460123
1,1,0.9763907
0,0,0.0215223
1,1,0.97753716
1,1,0.995485
0,0,0.08778219
1,1,0.99948764
1,1,0.9999558
1,1,0.9999845
1,1,1.0
1,1,0.9135525
0,0,0.051158905
0,1,0.8026876
1,0,0.4895315
0,0,0.03188624
0,0,0.017879233
1,1,0.9814736
1,1,0.9999697
0,0,0.07490901
0,0,0.14390752
1,1,0.99998903
0,0,0.13425572
1,1,0.9307029
1,0,0.10200862
0,0,0.1191029
1,1,0.9798172
0,0,0.06865486
1,1,0.9938694
0,1,0.5497579
0,0,0.07298493
0,0,0.3392953
0,0,0.0636667
1,1,0.94814193
0,0,0.040350016
1,0,0.18779033
1,1,0.7926184
1,1,0.99999475
0,0,0.018014148
1,1,0.88714653
0,0,0.2584265
0,0,0.025081154
0,0,0.24769947
1,1,0.7309048
0,0,0.23748434
0,0,0.1597836
1,1,0.90234494
1,1,0.9203574
1,1,0.90615517
0,0,0.06344801
1,1,0.99992955
1,1,0.9999809
1,1,0.9979645
0,0,0.14548725
1,1,0.9990367
1,1,0.99929035
1,1,0.7973097
0,0,0.18638217
0,1,0.5750746
0,0,0.06513742
0,0,0.11094378
0,0,0.39353463
1,1,0.9989617
1,1,0.99992
1,1,0.985784
1,1,0.5299934
1,1,0.6735516
0,0,0.12705879
1,1,0.61844164
1,1,0.9999993
1,1,0.9999988
1,1,0.9999778
0,0,0.09524802
1,1,1.0
1,1,0.56633514
1,1,0.9993493
1,0,0.41270468
1,1,0.9998863
1,1,0.9975859
1,1,0.99996364
0,0,0.047869477
1,1,0.9997532
1,1,0.99259007
1,1,0.99882096
1,1,0.9110552
1,1,0.99807
1,1,0.99975365
0,0,0.010779048
1,1,0.99999034
0,0,0.17235951
1,1,0.8788018
1,1,0.9297678
1,1,0.9999925
1,1,0.9995523
0,0,0.035150215
0,0,0.011991036
0,0,0.053277534
1,1,0.82760227
1,1,0.9410241
0,0,0.058079313
1,1,0.9999995
1,1,0.95130795
1,1,0.5284443
0,0,0.031079026
1,1,0.6935982
0,0,0.027990947
1,1,0.9989724
1,1,0.8166534
0,0,0.021558214
0,1,0.5128338
0,0,0.23576236
1,1,0.9190962
0,0,0.050067052
1,1,0.9217424
1,1,0.94797456
1,1,0.9862032
1,0,0.27393743
0,0,0.043132864
1,0,0.26766193
1,1,0.98102635
1,1,0.9886933
0,0,0.43877402
0,0,0.20043947
0,0,0.30702806
0,0,0.083975405
0,0,0.022836827
1,1,0.99942154
1,1,0.9853182
0,1,0.6229157
0,0,0.17719558
1,1,0.9938832
0,1,0.668609
0,0,0.31099898
1,1,0.6885232
0,0,0.17099231
1,1,0.83842677
1,1,0.9984127
0,0,0.015682548
1,1,0.7605611
0,0,0.18312308
1,1,0.5992284
1,1,0.9555474
0,0,0.032533072
0,1,0.68199754
0,1,0.65781623
1,0,0.42183018
0,0,0.06394467
0,0,0.040427815
1,1,0.88862485
0,0,0.03750946
1,1,0.9704061
1,1,0.7751458
1,1,0.9976282
0,0,0.35255396
0,0,0.03322962
0,0,0.15161222
1,0,0.24292205
0,1,0.55076003
0,0,0.21613784
1,1,0.9848587
0,0,0.09508953
0,0,0.015286229
1,0,0.17566825
1,0,0.36029667
0,0,0.011602075
1,1,0.99997735
0,0,0.07532463
0,0,0.20196962
1,1,0.9999169
0,0,0.020639144
1,1,0.99973553
0,0,0.20307277
0,0,0.41316533
1,1,0.54627043
1,1,0.97034734
1,1,0.99991083
1,0,0.40724736
0,0,0.118547544
0,0,0.3568056
0,0,0.13509026
0,0,0.057530947
1,1,0.87427115
1,1,0.999841
1,0,0.06300323
0,0,0.15688425
0,1,0.840434
1,1,0.6825525
0,0,0.38250542
1,1,0.9999838
1,1,0.54085016
1,1,0.99998236
0,0,0.4263844
1,1,0.99998355
1,1,0.999285
1,0,0.076773025
0,0,0.028745802
0,0,0.13554905
1,1,0.99918216
0,0,0.00812856
1,1,0.9992761
1,1,0.7719082
1,1,0.87360084
0,0,0.10688928
1,1,0.86707634
0,0,0.34430963
1,1,0.8387891
0,1,0.7197451
1,1,0.9999615
1,1,0.9992933
1,1,0.9960412
0,0,0.010156874
1,0,0.44958606
0,0,0.049435813
0,0,0.46257266
0,0,0.25804976
1,1,0.9999658
1,1,0.73380274
1,1,0.99997854
0,1,0.7278888
1,1,0.9976705
1,1,0.9997926
0,0,0.14950447
1,1,0.9993917
1,0,0.43817633
0,0,0.0180046
1,1,0.9999999
0,0,0.020115817
0,0,0.10144963
1,1,0.9999987
1,1,0.9210009
1,1,0.9953909
1,1,0.65116245
0,0,0.06241172
1,1,0.9999968
0,0,0.16916196
1,0,0.47050378
1,0,0.36998397
1,1,0.9999348
0,1,0.6492609
0,0,0.0738992
0,0,0.015921192
1,1,0.9999937
1,1,0.9999957
1,1,1.0
1,1,0.9992464
1,1,0.99307585
0,0,0.016632425
1,1,0.99562305
1,1,0.99671257
1,1,0.9998385
1,1,0.73934394
0,0,0.029082099
0,0,0.025754869
1,1,0.9639336
0,0,0.055153314
1,1,0.99498683
1,1,0.9998137
0,0,0.15666837
1,1,0.9994801
1,1,0.9972149
1,1,0.9995122
1,1,0.7301759
1,1,0.9998435
0,0,0.38462472
1,1,0.99948514
1,1,0.99760604
0,0,0.12221277
1,1,0.6780292
0,0,0.35558504
0,0,0.4290852
0,0,0.07784458
0,0,0.017731871
0,0,0.18473424
1,1,0.9986199
1,1,0.99981403
1,1,0.9999342
1,1,0.9806975
0,0,0.36414546
1,1,0.97148025
1,1,0.9998926
1,1,0.9999782
0,0,0.07146711
0,0,0.11473845
1,1,0.9994737
0,0,0.10105966
1,1,0.9999957
1,1,0.9698799
1,1,0.9993457
1,1,0.5559678
1,1,0.983029
0,0,0.32867023
1,1,0.8359952
1,1,0.99999917
1,1,0.99945444
1,1,0.6913719
1,1,0.9892888
1,1,0.99999213
1,1,0.99802125
1,1,0.5588619
1,1,0.6138266
0,0,0.21138075
0,0,0.28557956
1,1,0.6075752
1,1,0.5986323
0,1,0.7242053
0,0,0.33680794
0,0,0.31813306
1,1,0.9999999
1,0,0.11368282
1,1,0.9474268
1,1,0.97365224
1,1,0.9540944
1,1,0.823532
1,1,0.9882653
1,1,1.0
1,1,1.0
1,1,0.86957735
0,0,0.2672357
0,0,0.1564816
0,1,0.84260607
1,0,0.40103355
0,1,0.5152666
1,1,0.9999993
1,0,0.46198952
1,0,0.4724417
1,1,0.9999988
1,0,0.3649129
1,1,0.9863597
1,0,0.31317708
0,1,0.72848636
1,1,0.9954151
0,0,0.14131536
0,0,0.48471108
0,0,0.17430156
0,0,0.10633219
1,1,0.99997854
1,1,0.9999546
1,1,0.9961772
1,1,0.99913967
0,1,0.7432747
1,1,0.9650379
0,0,0.010399968
0,0,0.049747642
1,0,0.254491
0,0,0.49327487
1,1,0.78751296
1,1,0.9975151
0,0,0.23716238
1,1,0.9965875
1,1,0.99999785
1,1,0.9520403
1,1,0.99969107
0,0,0.16707693
0,0,0.0067331414
1,1,0.91712284
0,0,0.014311931
0,0,0.24130397
0,0,0.3112949
1,1,0.99998045
1,1,0.99998045
1,1,0.9144657
1,1,0.98606753
1,1,0.82990146
0,0,0.3900733
1,1,0.6675517
1,1,0.99953383
0,0,0.106960505
0,0,0.09624155
1,1,0.99736613
1,0,0.19962175
0,0,0.031060915
0,0,0.06809228
1,0,0.48818934
1,0,0.22022006
0,0,0.22418486
0,0,0.09406153
1,1,0.9974025
1,1,0.8980907
1,1,0.9832604
0,0,0.08407076
1,1,0.99354386
1,1,0.9766417
1,1,0.9532671
1,1,0.9700126
1,1,0.9990054
1,1,0.8008742
1,1,0.99988174
0,0,0.01952132
0,1,0.97570556
1,1,1.0
1,1,0.9355608
1,1,0.9999479
1,1,0.9999993
1,1,0.9998914
0,0,0.030466616
0,0,0.12209733
1,1,0.8797815
1,0,0.30536854
1,1,0.7750009
0,0,0.4231411
1,1,0.99983644
0,0,0.22897029
1,1,0.978456
0,0,0.023059264
1,1,0.74573636
0,0,0.13850066
0,1,0.5306091
0,0,0.020487454
0,0,0.24806495
0,0,0.04714144
0,0,0.024941152
0,0,0.0474631
0,0,0.12922312
0,0,0.020176377
0,0,0.32319117
0,0,0.11918893
1,0,0.37716118
0,0,0.044892862
1,0,0.28512457
1,1,0.99997663
1,1,0.985115
0,0,0.10338176
1,1,0.9968772
0,0,0.044595096
0,0,0.07258143
0,0,0.19293252
0,0,0.13656373
0,0,0.28443316
1,1,0.9993451
0,0,0.012578574
1,1,0.8688365
1,1,0.87887233
0,0,0.23169653
1,1,0.50075394
0,0,0.075113356
1,1,0.9997011
0,0,0.039967977
1,1,0.50354564
1,1,0.9833879
1,1,0.79023606
0,0,0.1463062
1,1,0.98814815
1,1,0.99988544
1,1,0.72257835
0,0,0.061997477
1,1,0.9985203
0,0,0.027510332
1,0,0.35634542
1,1,0.9418813
0,0,0.27476233
1,1,0.9999782
1,1,0.9979274
0,0,0.06281122
1,1,0.8513287
0,0,0.25566086
0,0,0.3185724
0,0,0.086244084
1,1,0.95635337
0,0,0.46732715
1,1,0.79816014
1,1,0.99363774
1,1,0.9999949
0,0,0.35913247
0,0,0.032609038
1,1,0.5173283
1,1,0.9999007
0,0,0.032240096
0,0,0.040795475
1,1,0.99918336
1,1,0.70312953
0,0,0.07323425
0,0,0.019562067
1,1,0.9999989
1,1,0.99465674
1,1,0.9905941
0,0,0.007281677
0,0,0.081035934
0,0,0.27092513
1,1,0.67936087
0,0,0.23728345
0,0,0.06873147
1,1,0.99999714
1,1,0.9991974
1,1,0.86354756
0,0,0.2600238
0,0,0.029691322
1,1,0.5894128
0,1,0.5795061
1,1,0.63689417
1,0,0.23425506
0,0,0.08181133
0,0,0.030282551
0,0,0.042032566
0,0,0.014277907
1,1,0.9221244
1,1,0.8802183
1,1,0.8977787
1,1,0.9905038
1,1,0.99671185
0,0,0.11752576
1,0,0.22349325
0,0,0.17712441
0,0,0.03095828
1,1,0.94525355
1,1,0.9999919
0,0,0.25668994
1,1,0.5981071
1,1,0.98345506
1,0,0.32820475
0,0,0.17344482
1,1,0.9594785
0,0,0.08281058
1,1,0.99984634
1,0,0.4986253
1,1,0.9998038
0,0,0.0456672
1,0,0.1355776
1,1,0.9289397
1,1,0.97367585
1,1,0.9628069
1,1,0.9999628
1,0,0.27058518
1,1,0.8477875
1,1,0.9999584
0,0,0.037895884
1,1,0.79358053
0,0,0.035082657
1,1,0.53471565
1,1,0.999856
1,1,0.99999976
1,1,0.6105901
1,1,0.99985623
1,1,0.9945977
1,0,0.12340762
1,1,0.9983132
0,1,0.79127866
1,1,0.99987125
0,0,0.18242528
1,1,0.9961438
1,0,0.30816343
1,1,0.9966853
1,0,0.119409196
0,0,0.16958952
1,1,0.98916876
1,1,0.9897239
1,1,0.9992425
1,1,0.99947906
1,1,0.98615414
0,0,0.111253604
0,0,0.33892605
1,1,0.7391538
1,1,0.9998648
1,1,0.99999917
1,1,0.99772483
1,1,0.57235616
0,0,0.1217611
1,1,0.8665747
0,0,0.14879388
0,0,0.045258015
1,1,0.8157969
1,1,0.71772957
0,0,0.16406713
0,0,0.033868577
1,1,0.86017597
1,1,0.99904746
1,1,0.99456656
0,0,0.006655075
1,1,0.9999944
0,0,0.03499241
1,1,0.9999554
1,1,0.9999987
0,0,0.14433703
1,1,0.9993376
1,1,0.98511857
1,1,0.8161323
1,1,0.54328626
0,0,0.052897178
1,0,0.18961227
1,1,0.9332127
1,0,0.3901453
1,1,0.99977386
1,1,0.7305258
1,0,0.2742968
1,0,0.059012253
1,1,0.98014736
0,0,0.12394574
1,1,0.9842227
0,0,0.2943659
1,1,0.9999825
0,0,0.21668793
1,1,0.8700982
1,1,0.9935514
1,1,0.97919935
0,0,0.30523366
1,0,0.4549784
1,0,0.42816916
1,1,0.99984074
1,1,0.9985866
1,1,0.7012254
0,0,0.046251833
0,0,0.11081826
0,0,0.2793898
1,1,0.9977604
1,1,0.9999634
0,0,0.2901697
1,1,0.99998856
1,1,0.6822603
0,0,0.1836979
1,1,0.99996495
1,1,0.99995446
1,1,0.9392841
1,1,0.6138869
0,0,0.045885466
0,0,0.07008603
1,1,0.68720675
0,0,0.40523642
0,0,0.2932159
0,0,0.3392718
0,0,0.056161154
1,1,0.5956143
0,0,0.055347662
1,1,0.68197185
1,1,0.96887845
1,1,0.8840321
0,0,0.06983256
1,1,0.7862555
1,1,0.734646
1,1,0.99998844
1,1,0.5132899
1,1,0.9849849
0,0,0.40169808
1,1,0.9002918
0,0,0.16925304
1,1,0.7935525
0,0,0.08738561
0,0,0.37252688
1,1,0.9821984
0,0,0.017427439
1,1,0.9992556
0,1,0.5203702
0,0,0.22721821
1,1,0.73347807
1,1,0.5730961
1,1,0.99914074
0,0,0.060334433
1,1,0.99991214
1,1,0.8302235
0,0,0.08881422
1,1,0.9882613
1,0,0.3962151
1,1,0.81862235
0,1,0.7712287
1,1,0.9911147
0,0,0.120526396
0,0,0.38924363
0,0,0.045979835
0,0,0.026526304
1,0,0.3667488
0,1,0.65314615
1,1,0.9902359
1,1,0.98969346
1,1,0.56806886
0,0,0.015538002
1,1,0.9842926
0,0,0.0395008
1,1,0.53058815
1,1,0.998085
0,1,0.5370505
0,0,0.09823831
1,1,0.5546939
0,0,0.17514227
0,0,0.110396475
0,0,0.12517135
0,0,0.25364462
0,0,0.07632116
1,1,0.95251954
0,0,0.046563946
1,1,0.99330443
1,1,0.999779
0,1,0.5294976
1,1,0.99910575
0,0,0.19817041
0,0,0.025098251
1,1,0.9996919
0,0,0.2525316
0,0,0.06497948
0,0,0.24887073
1,1,0.9994718
0,0,0.029721815
1,1,0.8480772
0,0,0.12005183
0,0,0.08370112
0,0,0.08735857
1,1,0.999933
0,0,0.087886624
0,0,0.14463565
1,1,0.9999337
1,1,0.9441681
0,0,0.04978821
0,0,0.053190947
1,1,0.95700246
1,1,0.9984457
1,1,0.99999106
1,1,0.95484054
1,1,0.8501294
1,0,0.26289907
0,0,0.17268889
0,0,0.15537292
0,0,0.071882084
0,0,0.1690101
1,1,0.9999924
0,0,0.042352892
1,1,0.5176792
0,0,0.22805606
0,0,0.044032067
0,1,0.99996424
0,0,0.44097468
1,0,0.1417164
0,0,0.07599373
0,0,0.118338935
0,0,0.47964868
1,1,0.8205758
0,1,0.6564753
1,1,0.8145323
0,0,0.32098123
0,0,0.085201524
0,0,0.2922397
0,0,0.32584408
0,0,0.051191747
0,0,0.11537731
1,1,0.98476243
0,0,0.17228623
0,1,0.93248636
1,1,0.9999577
1,1,0.9993641
0,1,0.829564
0,0,0.32969755
1,1,0.9878786
0,0,0.06962784
0,0,0.096413635
1,0,0.45252344
0,0,0.21353535
0,0,0.06310721
1,1,0.99978435
0,0,0.043741684
0,0,0.08636973
1,1,0.986276
0,0,0.08242687
0,0,0.088287026
0,0,0.036756404
1,0,0.31234166
0,0,0.2866915
0,0,0.016738715
1,1,0.99991775
1,1,0.99872524
0,0,0.06242194
1,1,0.99894893
1,1,0.9999771
0,0,0.17520079
1,1,0.9865611
0,0,0.035750262
0,0,0.29207575
0,0,0.071607865
0,1,0.94716984
0,1,0.71807534
1,1,0.94784826
1,1,0.8785485
1,1,0.9375924
1,0,0.042855892
1,1,0.99425465
0,0,0.45417973
0,0,0.04521732
1,1,0.9999995
1,1,0.99999213
1,1,0.6224174
1,1,0.9862464
1,1,0.9678959
0,0,0.12007043
1,1,0.8181787
0,0,0.09326364
1,1,0.9999995
0,0,0.22602615
1,1,0.9999962
0,0,0.10437627
1,0,0.4907358
1,1,0.9087611
0,0,0.037661605
1,1,0.960024
0,0,0.015382348
0,1,0.5552489
1,1,0.9994162
1,1,0.56166726
1,1,0.94969815
1,0,0.38927367
0,0,0.10326073
1,1,0.9999858
1,1,0.9999796
1,1,0.6458412
0,0,0.026534304
1,1,0.96565086
0,0,0.0204121
0,0,0.13481963
1,1,0.9994966
0,0,0.036900703
1,1,0.9051758
1,1,0.99952346
0,0,0.46986896
1,1,0.9662692
0,0,0.15075862
0,0,0.05320696
0,0,0.22478646
0,0,0.041193288
0,0,0.28692818
0,0,0.42917445
0,0,0.030683937
0,0,0.010468326
1,1,0.9991441
1,1,0.9998734
0,0,0.032595403
1,1,0.9857054
1,1,0.99554586
0,0,0.17454603
0,0,0.02863979
1,1,0.9999999
0,0,0.34663895
0,0,0.13463706
0,0,0.045398425
1,1,0.9189333
0,0,0.12298085
1,1,0.9993507
1,1,0.9697235
1,1,0.9942929
1,1,0.9994023
1,1,0.99933773
1,1,0.9999994
0,0,0.07443381
1,1,0.97615564
0,0,0.052966665
0,0,0.041263472
1,1,0.7942351
1,1,0.98007464
1,1,0.9927315
0,0,0.012061271
1,1,0.74410903
1,1,0.9942081
0,0,0.07932428
1,1,0.80023164
1,0,0.047864903
1,1,0.9999738
1,1,0.8397688
1,0,0.041466378
0,0,0.049686413
0,0,0.13321188
0,0,0.074227355
1,1,0.98958653
1,0,0.27078244
0,0,0.12297661
1,0,0.08479494
1,1,0.9879424
1,0,0.4931379
1,0,0.34241083
1,1,0.9861787
1,1,0.99964726
1,1,0.99901617
1,1,0.9999989
1,1,0.9979133
0,0,0.242169
0,0,0.1323656
1,1,0.99217504
0,0,0.05417372
1,0,0.13349393
1,1,0.9999263
1,1,0.9993271
1,1,0.9999645
0,0,0.13356233
1,1,0.95923275
0,0,0.1107034
1,0,0.09485356
0,0,0.22585732
0,0,0.16260257
0,0,0.06786223
1,0,0.1799224
0,1,0.88463426
1,1,0.9997695
1,0,0.07664016
1,1,0.96843666
0,0,0.35724056
1,1,0.5727707
1,1,0.83504283
1,1,0.99998856
1,1,0.9927153
1,1,0.9985861
1,0,0.21217166
0,0,0.20750864
1,1,0.8934903
0,0,0.34883082
0,0,0.035307363
0,0,0.3897662
1,1,0.9946431
0,1,0.6167002
1,1,0.9998734
1,1,0.9984113
1,1,0.9370445
1,1,0.99967366
1,1,0.60979116
1,1,0.99950194
0,0,0.104262635
1,1,0.8820822
1,1,0.9995397
1,1,0.7274257
1,1,0.7313586
0,1,0.58784944
1,1,0.9319696
0,0,0.25602746
0,0,0.2382787
1,1,0.93276733
1,1,0.98094547
1,0,0.06944667
1,0,0.21459644
1,1,0.9997342
1,1,0.9999999
0,0,0.43226677
0,1,0.5203529
1,1,0.9999993
0,0,0.03383171
1,1,0.99999106
1,0,0.07507608
1,0,0.11107536
1,1,0.9986817
1,1,0.6365184
1,1,0.9943777
1,1,0.9926299
1,1,0.99979293
1,1,0.81072384
1,1,0.99968046
0,0,0.08080921
0,0,0.030178035
1,1,0.9952351
1,1,0.9998994
1,1,0.99988735
0,0,0.25223702
0,0,0.030824622
0,0,0.04941968
0,0,0.024060007
0,0,0.0057694595
0,0,0.335234
1,1,0.999987
0,0,0.3635594
1,1,0.99999595
1,1,0.99999833
0,0,0.06832618
1,1,0.9952985
0,0,0.10651748
1,1,0.99968356
1,1,0.9950598
1,0,0.39929682
1,1,0.7576186
1,1,0.9771831
0,0,0.024382079
1,1,0.8373796
0,0,0.26684994
1,1,0.9999999
1,1,0.9959614
1,1,0.9801208
1,1,0.8881935
1,1,0.99714845
1,1,0.9999914
0,0,0.023547724
1,1,0.99103314
0,0,0.022577735
0,0,0.077164546
1,1,0.9996832
0,1,0.5627162
1,1,0.9194336
0,0,0.077655576
1,1,0.99999654
1,1,0.9999863
1,1,0.9999988
1,1,0.87074095
1,1,0.9500289
1,1,0.99892026
1,1,0.8051268
1,1,0.9584479
1,1,0.9816951
1,1,0.99908507
1,1,0.9999877
1,0,0.07791146
1,1,0.9999989
0,0,0.32671973
1,1,0.9996221
1,0,0.16000424
0,0,0.22029889
1,0,0.27341285
0,0,0.1409461
1,1,0.999966
1,1,0.99999654
1,1,0.9875966
1,1,0.89133865
0,0,0.13477415
0,0,0.20603602
0,0,0.04223044
1,1,0.999835
1,1,0.7678795
0,0,0.37733692
1,1,0.9999995
1,1,0.9956444
0,0,0.22883521
1,0,0.2804281
1,1,0.9841888
1,1,0.99902403
0,0,0.07661335
0,1,0.55241734
0,0,0.19128914
0,0,0.034317113
0,0,0.017490914
0,0,0.29571638
1,0,0.14528842
1,0,0.29233065
1,1,0.99937487
1,1,0.998054
0,0,0.045572646
0,0,0.10246938
1,1,0.8675236
1,1,0.9959041
0,1,0.5511341
1,1,0.94039494
1,1,0.99999964
0,1,0.6786314
1,1,0.99991274
1,1,0.98486775
1,1,0.9999763
1,0,0.021106414
1,1,0.9911998
0,0,0.105502196
0,0,0.13099094
0,0,0.031411543
1,1,0.9999931
0,0,0.08376721
1,1,0.999478
0,0,0.038549744
1,1,0.99736834
0,0,0.117821336
0,0,0.007417913
0,1,0.71241134
1,1,0.9989938
0,0,0.08299914
0,0,0.25259027
0,1,0.6039654
1,1,0.99999833
0,0,0.060776692
1,1,0.9999975
0,0,0.06617471
0,0,0.020093743
0,0,0.1736861
1,0,0.081366815
1,0,0.16843008
1,1,0.94605416
0,0,0.22031912
0,0,0.25732866
0,0,0.040112108
1,0,0.06077197
1,1,0.69674826
0,0,0.11915059
1,1,0.9989078
1,1,0.9872295
0,0,0.11844146
1,0,0.20231032
1,1,0.99566215
0,0,0.097390965
1,1,0.9984479
1,0,0.39201388
1,1,0.9995573
0,0,0.28582948
1,1,0.99999905
0,0,0.015171677
1,1,0.9924683
0,0,0.17173742
0,0,0.035137683
1,1,0.9981359
0,0,0.092678234
1,0,0.3351978
1,1,0.994385
0,0,0.1423681
1,1,0.9826002
1,0,0.13754529
0,0,0.3320894
1,1,0.9996275
1,1,0.99999976
1,1,0.933633
1,1,0.9676307
1,1,0.9999981
1,1,0.9999995
1,1,0.9340616
1,1,1.0
0,0,0.06798814
1,1,0.99963987
0,0,0.49537918
1,1,0.99999976
1,1,0.99994934
1,1,0.9986969
1,1,0.9982693
0,0,0.05319123
0,0,0.11141516
1,1,0.9264865
0,0,0.038008913
1,1,0.9977791
1,1,0.9947713
0,0,0.37428817
0,0,0.05342335
1,1,0.999305
0,0,0.0065149367
1,1,0.9993591
1,1,0.9070564
1,1,0.99835277
0,0,0.0803057
1,1,0.99879205
1,1,0.8513788
0,0,0.036048584
1,1,0.9999714
1,1,0.998215
1,1,0.99998045
0,0,0.11419002
1,1,0.9999975
0,0,0.35776973
0,1,0.5988556
0,0,0.07602736
1,1,0.9787315
1,1,0.9999926
1,1,0.9990107
1,1,0.9994006
1,0,0.15915269
0,0,0.11790469
1,1,0.99999917
0,0,0.16421606
1,1,0.6895162
1,1,0.7638244
1,0,0.14098477
1,1,0.89938754
1,1,0.74521077
0,0,0.03778843
1,1,0.90095836
0,0,0.062629156
0,0,0.22227979
0,0,0.032855324
1,0,0.10086275
1,1,0.7469212
1,1,0.80809444
1,1,0.9729902
0,0,0.33650562
1,1,0.99825054
0,0,0.08939036
1,1,0.99439085
0,0,0.22321256
0,0,0.13282873
1,1,0.99998677
0,0,0.16314067
1,1,0.94498146
1,1,0.55087775
1,1,0.99843675
0,0,0.22922355
0,0,0.032844614
0,0,0.17562948
1,1,0.9999989
1,1,0.9999894
1,1,0.9999846
1,1,0.99999213
1,0,0.4440081
0,1,0.6395506
1,1,0.99939
1,0,0.43840832
0,0,0.026209768
1,1,0.9999999
0,0,0.06738306
0,1,0.6376932
0,0,0.1333595
1,1,0.99963
1,1,0.9816961
1,1,0.9999844
1,1,0.9999974
0,0,0.062248573
1,1,0.7506427
0,0,0.12509018
0,1,0.78094715
0,0,0.13271976
1,1,0.70875144
1,1,0.9724515
0,0,0.30412224
1,0,0.41692948
1,1,0.99999416
0,0,0.16950083
0,0,0.07168542
0,0,0.2943942
0,0,0.03885739
1,1,0.9993287
1,1,0.9977203
1,1,0.99965155
0,0,0.083299436
1,1,0.94084287
0,0,0.21478525
1,1,0.9999993
0,0,0.49473652
1,1,0.99951506
0,0,0.41590524
1,1,0.9976737
1,1,0.9999995
1,1,0.8776942
0,0,0.20037945
1,0,0.367781
1,1,0.84864557
0,0,0.050206803
0,1,0.52411455
1,1,0.9672792
1,1,0.5609299
1,1,0.7583801
1,1,1.0
0,0,0.21770999
1,1,0.99889684
1,1,0.9999871
0,0,0.09174733
1,1,0.9999963
0,0,0.13989122
1,1,0.5023633
1,1,0.9905123
1,1,0.51669717
0,0,0.029519182
1,0,0.2785151
1,1,0.99999976
0,0,0.17751221
0,0,0.034198992
1,1,0.9999957
1,1,0.607873
1,1,0.9983662
1,1,0.99999964
1,1,0.9990064
0,0,0.07124201
1,0,0.09121969
1,1,0.81131506
0,0,0.011788337
0,0,0.093797505
1,1,0.9975127
1,1,0.97639865
1,1,0.99866664
0,0,0.12135995
1,0,0.043927856
0,0,0.20618404
0,0,0.04563918
0,0,0.009609585
0,0,0.16355266
0,0,0.16356389
0,0,0.03485246
1,1,0.9999994
0,0,0.20016229
1,1,0.98067725
0,0,0.16341926
1,0,0.15430275
1,1,0.99999845
0,1,0.5205566
0,0,0.061407167
1,1,0.9999478
1,1,0.95454
0,0,0.069089636
1,1,0.9713845
1,0,0.11994934
1,1,0.99973327
0,0,0.035752986
1,1,0.54040885
0,0,0.13089202
1,1,0.916896
1,1,0.9418551
1,1,0.9999629
0,0,0.12829524
1,1,0.6990629
0,0,0.18622865
0,1,0.65655696
0,0,0.12637281
1,1,0.99826497
1,0,0.33316603
0,0,0.025545705
0,0,0.042635687
1,1,0.9903188
1,1,0.7288574
0,0,0.04750429
1,1,0.9845909
1,1,0.9852675
1,0,0.19398758
0,0,0.30276018
1,0,0.071153976
0,0,0.03633538
1,1,0.76193446
1,1,0.99692875
0,0,0.03514074
0,0,0.3570684
0,1,0.6921087
0,0,0.010511534
0,0,0.027410716
0,0,0.08768404
0,0,0.3833749
1,0,0.26188394
1,1,0.6181943
0,0,0.1382885
1,1,0.94277126
0,0,0.004974194
0,0,0.064624034
1,1,0.9530468
0,0,0.039150205
0,0,0.025458824
1,1,0.99050856
0,1,0.74534225
0,0,0.43285185
0,0,0.31653547
1,1,0.9987262
1,1,0.92021316
1,1,0.99999356
1,1,0.7782415
1,1,0.99998176
0,0,0.29879618
0,0,0.23002996
0,0,0.08362302
1,1,0.99890614
0,0,0.056260545
1,1,0.98281246
0,0,0.14865988
1,1,0.9980276
1,1,0.9999945
0,0,0.11468765
1,1,0.99281836
1,1,0.9995148
1,1,0.8797032
1,1,0.67450863
1,1,0.5917745
1,1,0.99999976
1,1,0.99310476
0,0,0.32322013
1,1,0.9558615
0,0,0.19507629
0,0,0.017221346
0,0,0.27849147
1,1,0.9997677
1,1,0.9999989
1,1,0.994048
1,1,0.9998112
0,0,0.06054654
0,0,0.055064075
1,1,0.99558276
1,1,0.9960698
1,1,0.979261
1,1,0.9711694
0,0,0.026636064
0,0,0.17131715
1,1,0.62411076
0,1,0.93779683
0,0,0.0597814
0,0,0.2808194
1,1,0.81424797
0,0,0.10789633
0,1,0.62390816
1,1,0.99851876
1,1,0.9936103
0,0,0.44974715
1,1,0.61236244
1,1,0.98999643
1,1,0.9403206
1,1,0.99073035
1,1,0.9533171
0,0,0.08366624
1,1,0.97262436
1,1,0.99999964
0,0,0.09589566
1,1,0.95071626
0,0,0.33474946
1,1,0.99994636
0,0,0.10943574
0,0,0.019532846
0,0,0.07242117
1,1,0.9999155
1,1,0.9999944
0,0,0.0075108693
1,1,0.9999893
1,1,0.8710869
1,1,0.7633973
0,1,0.52195096
1,1,0.99947643
1,0,0.45874664
1,1,0.9563332
1,1,1.0
0,0,0.49425742
1,1,0.92414707
0,0,0.09179416
1,1,0.96952796
1,1,0.9994726
0,0,0.32262933
1,0,0.40619645
1,0,0.2500456
0,0,0.24846
1,1,0.8188258
1,1,0.9999894
1,1,0.9977381
0,0,0.46062866
1,1,0.9999454
0,0,0.0070842593
1,0,0.45575163
1,1,0.9464829
1,1,0.99999976
0,0,0.13987778
1,1,0.9999999
0,1,0.86843634
0,0,0.14180885
0,0,0.043444052
1,1,0.9992437
1,1,0.98856807
0,0,0.070034176
1,1,0.99991786
1,1,0.99819815
0,0,0.04800306
1,1,0.9993592
1,1,0.9996744
1,1,0.97420317
1,1,0.99999964
1,1,0.86822206
1,1,0.9879918
0,0,0.082892396
0,1,0.6407652
1,1,0.9968292
1,0,0.08072995
1,1,0.99662495
1,1,0.9999906
0,0,0.079681545
0,0,0.37070376
0,0,0.04725137
1,1,0.79870725
1,1,0.9996831
1,1,0.96080077
1,1,0.99999666
1,1,0.98892295
1,1,0.9953459
0,0,0.3757952
1,1,0.53535634
1,0,0.20320612
0,1,0.8340773
0,0,0.40732172
1,1,0.9999999
1,1,0.9999726
1,0,0.49243197
1,1,0.7557513
0,0,0.15168124
1,1,1.0
1,0,0.32660735
1,1,0.6612414
0,0,0.25595436
1,1,0.99999785
0,0,0.012151731
0,0,0.01253218
0,1,0.83999395
1,1,0.9997079
1,1,0.5815844
0,0,0.43723843
1,1,0.55401677
1,1,0.9999993
0,1,0.8635733
0,0,0.022305366
1,1,0.9999893
1,1,0.91655433
0,0,0.033961058
1,1,0.9513195
1,1,0.9999956
1,1,0.9994881
1,1,0.99961174
1,1,0.99995816
1,1,0.99317706
1,1,0.99998105
0,0,0.123975515
0,0,0.057731792
1,1,0.999599
1,0,0.34948805
1,1,0.9993855
0,0,0.10990244
1,1,0.63791454
0,0,0.49020067
1,0,0.1968137
0,0,0.084417604
1,1,0.54596066
0,0,0.16208166
0,0,0.4143346
0,1,0.5577787
0,1,0.58839005
0,0,0.22862543
0,0,0.20870204
1,1,0.5920229
0,0,0.07492272
0,0,0.11128024
1,1,0.99423575
0,0,0.3746385
1,1,0.6715524
1,1,0.999985
0,0,0.19036534
1,1,0.9192313
0,0,0.009309481
0,1,0.8575286
0,0,0.011754721
1,1,0.9979013
1,1,0.99989104
1,1,0.89145607
1,1,0.6939249
0,0,0.072625384
1,1,0.99992406
1,1,0.954834
1,1,0.9998398
1,1,0.999984
0,0,0.16706605
1,1,0.56658834
1,0,0.038385674
1,1,0.9990108
1,1,0.99922085
1,1,0.99969786
0,1,0.6241442
0,1,0.6527131
1,0,0.34132287
0,1,0.7370736
0,0,0.23848921
1,1,0.9876944
1,1,0.8375939
1,0,0.4288024
1,0,0.49961394
0,0,0.47667867
1,1,0.89976436
0,0,0.091461316
1,1,0.9958652
0,0,0.033351757
0,0,0.03938299
0,0,0.23845762
0,0,0.46454707
1,1,0.98785967
1,1,0.99999595
1,1,0.7709726
0,0,0.013445485
0,0,0.029990684
1,1,1.0
0,0,0.034379326
0,0,0.060176846
0,0,0.17466232
1,0,0.2108453
0,0,0.012601439
0,0,0.036335092
1,1,0.9998133
0,0,0.011768029
1,0,0.12099212
1,0,0.28623185
0,0,0.058750514
1,1,0.99997795
1,0,0.29675594
0,0,0.017355908
0,0,0.05747911
1,1,0.9983895
1,0,0.45684785
1,0,0.24859294
1,1,0.96609294
1,1,0.9990951
1,1,0.81239593
1,1,0.57098
1,1,0.50723547
1,1,0.9999089
1,1,0.99807
1,1,0.9605319
1,1,0.97841907
1,1,0.57158905
1,1,0.99165136
1,1,0.780857
0,0,0.05454333
1,1,0.9999951
0,1,0.9853375
0,0,0.16667806
0,0,0.04820854
1,1,0.9221775
0,0,0.051017504
0,0,0.38999626
0,0,0.49967995
0,1,0.81614614
0,0,0.45742685
1,1,0.99457175
0,0,0.015097148
0,0,0.033753898
1,1,0.61328185
1,1,0.6653418
0,0,0.028555995
1,1,0.87291706
0,0,0.24243428
0,0,0.25913727
0,0,0.052001458
1,1,0.99904794
0,0,0.12959747
1,1,0.9999299
1,1,0.84368575
1,1,0.9762839
1,1,0.99978054
1,1,0.5274349
0,0,0.39136216
0,0,0.20930459
1,1,0.9917556
0,0,0.28436178
1,1,0.6190454
0,0,0.08924251
0,0,0.07730687
1,1,0.9993244
1,0,0.3000885
1,1,0.989165
1,1,0.9438484
1,1,0.99990153
1,0,0.32838845
0,0,0.06251974
0,0,0.021856634
1,1,0.9990686
1,1,0.9701239
0,0,0.14924413
1,1,0.5964903
1,1,0.8710778
0,0,0.19638643
1,1,0.5905402
0,0,0.058195263
1,1,0.99999166
0,0,0.024441037
1,1,0.9999907
0,0,0.09353703
0,0,0.03901273
1,1,0.5636586
1,1,0.99811316
1,0,0.28301594
1,1,0.97874796
0,0,0.46801326
1,1,0.99989355
1,1,0.9999174
0,1,0.8760963
0,0,0.028561601
1,1,0.9983991
1,1,0.9390116
1,1,0.9998101
0,0,0.35195038
1,0,0.10800161
0,0,0.056921564
0,0,0.10569491
1,0,0.10247609
0,0,0.043220647
1,1,0.99815446
0,0,0.09075357
1,1,0.9988568
0,0,0.1503206
1,1,0.9999577
1,0,0.0666858
0,0,0.020176103
0,0,0.054949522
0,0,0.045040354
1,1,0.7210925
1,1,0.99841845
1,1,0.9991948
1,1,0.99015725
0,1,0.65073866
0,0,0.1860733
0,1,0.6175548
0,0,0.16204286
0,0,0.49937433
1,0,0.120553106
1,0,0.11404941
1,1,0.9998727
0,0,0.018272424
0,0,0.2862309
1,1,0.8184637
1,1,0.99992347
1,0,0.49301836
0,1,0.77052987
1,0,0.058858886
0,0,0.07417444
1,1,0.9366647
0,0,0.24944423
1,1,0.9930067
1,1,0.9682561
1,1,0.9487596
0,0,0.1261123
0,0,0.019823153
0,0,0.19926713
1,1,0.9656325
1,1,0.9695034
0,0,0.12918851
1,1,0.9949006
1,1,0.99991155
0,0,0.029970566
0,0,0.3002362
0,0,0.32740322
0,0,0.14521019
0,1,0.50527585
0,1,0.52339774
0,0,0.48131755
1,1,0.9999733
1,0,0.2193309
1,1,0.80723107
1,1,0.9999827
1,1,0.88806164
1,1,0.9212077
0,1,0.7393154
1,1,0.9999981
1,1,0.95560014
1,0,0.14937127
1,1,0.96992433
0,0,0.304874
1,1,0.98969054
1,1,0.9815274
1,1,0.99923134
0,0,0.0762075
1,1,0.9996048
0,0,0.028747246
1,1,0.95517474
0,0,0.24825324
0,0,0.15352857
0,0,0.1865152
1,1,0.99927765
0,0,0.44410554
1,1,0.9995448
1,1,0.63441515
1,1,0.9993443
1,1,0.9998909
0,0,0.056205798
1,1,0.99999964
1,1,0.96218467
1,1,0.60746044
1,0,0.09864986
0,0,0.097749725
1,1,0.99999464
0,0,0.24463181
1,1,0.9958339
1,1,0.9973912
1,1,0.99026114
1,1,0.55207056
0,0,0.35922754
0,0,0.06351532
0,0,0.16312233
1,1,0.9998714
0,0,0.1683375
1,1,0.9439317
1,1,0.9850502
0,0,0.32097483
1,1,0.9999862
1,1,0.99888307
1,1,0.9999975
1,1,0.9999944
1,1,0.97635686
0,0,0.1851552
0,0,0.26015455
1,0,0.20752071
1,1,0.9998635
1,1,0.99998355
1,1,0.57277405
1,1,0.98981035
1,1,0.99980545
1,1,0.93939507
0,0,0.10849184
0,0,0.042125393
1,1,0.99767154
1,1,0.9963116
1,1,0.9615634
1,1,0.99932534
0,0,0.1745859
0,1,0.5141827
0,0,0.019742664
1,0,0.14843917
1,1,0.9999989
1,0,0.16348308
1,1,0.9999994
1,1,0.9999999
1,0,0.3442062
1,0,0.26830852
1,1,0.7207556
1,1,0.99999964
1,0,0.3508008
1,1,0.9999976
0,1,0.82029027
1,1,0.58776504
0,1,0.77547866
1,1,0.5990717
0,0,0.22550938
0,0,0.055128295
1,1,0.9310555
1,1,0.9999999
1,1,0.99994683
1,1,0.9999937
0,0,0.35131386
0,0,0.2718919
0,0,0.4693988
0,0,0.09545249
1,1,1.0
1,1,0.9998572
1,1,1.0
1,1,0.999997
1,0,0.24680384
1,1,0.99286276
1,1,0.9738022
1,0,0.34483537
1,1,1.0
0,0,0.115701824
0,0,0.06425011
1,1,0.9880584
1,1,0.99958116
1,1,0.9999478
1,0,0.23174784
1,1,0.99940574
1,1,0.9244339
1,0,0.16339597
1,1,0.9998201
0,0,0.03978239
1,1,0.9999999
0,0,0.18135238
1,1,0.99999464
0,0,0.32845193
1,0,0.4687848
0,0,0.3683776
1,1,0.9999999
0,0,0.19214593
1,1,0.5945184
0,0,0.11637428
1,1,0.99941725
0,0,0.07385985
0,0,0.11274076
0,0,0.014793002
1,1,0.9998027
1,0,0.2552247
0,0,0.15764067
1,1,0.9963814
0,0,0.05061365
1,1,1.0
1,1,0.9999994
0,0,0.12898088
0,0,0.1780991
0,0,0.47367704
0,0,0.055108786
0,0,0.095946744
1,0,0.076639
1,1,0.9989794
0,0,0.03981951
0,0,0.017275589
1,1,0.99999356
0,0,0.055059858
0,0,0.067286424
1,0,0.45635074
1,1,0.99570704
0,0,0.2589021
0,0,0.13627699
1,1,0.99996877
1,1,0.9350459
1,1,0.99961233
0,0,0.027489934
1,1,0.9962102
0,0,0.10845694
1,1,0.99998474
1,0,0.4378165
1,1,0.9999902
0,0,0.14959708
0,0,0.09981634
1,1,0.9775648
0,0,0.2550335
1,1,0.80214643
0,0,0.060305577
0,0,0.03673075
1,1,0.50868624
0,0,0.3477958
0,1,0.61805916
0,0,0.07950998
0,0,0.013682693
0,1,0.57414156
1,1,0.89675176
1,1,0.8867936
1,1,0.99999964
1,0,0.057351653
1,0,0.19916609
0,0,0.08517475
0,1,0.63964504
1,1,0.9926519
1,0,0.1815111
0,0,0.0633725
0,1,0.68654543
1,1,0.59914434
0,0,0.023978418
0,0,0.24385029
1,1,0.9067901
1,1,0.73334295
0,0,0.18805736
1,0,0.1651192
0,0,0.29330423
1,1,0.8418163
1,1,0.99163604
1,1,0.999508
1,0,0.49591643
1,1,0.7186513
1,1,0.9995936
1,0,0.15256548
1,0,0.21642105
0,0,0.28507724
1,1,0.9075719
0,0,0.20311815
0,1,0.6897592
1,1,0.8583691
1,1,0.9954277
1,1,0.78372294
1,0,0.49227625
1,1,0.80080634
0,0,0.02883664
0,0,0.028457766
1,1,0.9999527
1,1,0.9976465
0,0,0.39168772
1,1,0.9854989
1,1,0.9998572
0,0,0.0567923
1,1,0.9998174
1,1,0.99997914
1,1,0.9999714
0,0,0.0039306493
1,1,0.9327443
1,1,0.9993143
1,1,0.99882704
0,0,0.15952742
1,0,0.4552853
1,1,0.9504825
1,0,0.2638991
0,0,0.044238966
1,1,0.999843
1,0,0.14987819
0,0,0.053541522
0,0,0.047243424
1,1,0.99996686
1,1,0.83445907
0,1,0.67084277
1,1,0.94494593
0,0,0.17158742
0,0,0.22699055
0,1,0.6248928
1,1,0.94974804
1,1,0.9680847
1,1,0.99976045
0,0,0.041791625
0,0,0.05275803
0,0,0.05257483
1,1,0.9985513
0,0,0.0037540584
0,0,0.43122792
0,1,0.62211174
1,1,0.9010231
1,1,0.9993351
1,0,0.18621701
1,1,0.99998856
1,1,0.9917916
1,0,0.2545644
0,0,0.020955771
1,1,0.9627529
1,1,0.9535624
1,1,0.9997061
1,1,0.9999969
0,0,0.21237344
1,1,0.9973953
1,1,0.99999905
0,1,0.5831846
0,0,0.24083295
1,1,0.9996424
1,1,0.6125235
1,0,0.3236312
0,0,0.028478306
1,1,0.9998176
0,0,0.47087404
1,1,0.9571431
1,1,0.9998411
1,1,0.77514195
0,0,0.40160298
1,1,0.51511323
1,1,0.9993288
0,0,0.035740394
0,0,0.04292192
1,1,0.7496396
0,0,0.28161076
0,0,0.051615775
1,0,0.24017964
1,1,0.915037
1,1,0.7718854
0,0,0.060772624
1,0,0.47619265
1,1,0.99999845
0,0,0.12810722
1,0,0.28823128
1,1,0.67587304
1,1,0.9762023
1,1,0.984648
0,0,0.23453045
1,1,0.999127
1,0,0.250263
0,0,0.091405705
0,0,0.04462472
0,1,0.56091094
1,0,0.2538637
0,0,0.07773007
1,1,0.9998486
0,0,0.10424286
1,1,0.51040936
1,1,0.99073225
0,0,0.022728775
0,0,0.11203042
1,1,0.52515346
1,1,0.6207763
1,1,0.99999976
1,1,0.99995375
0,0,0.082333736
1,1,0.9990551
1,1,0.99995816
1,1,0.9990809
1,1,0.9979068
0,0,0.3016726
1,1,0.9510749
1,1,0.99949956
0,1,0.54235137
1,0,0.3952992
0,1,0.502693
0,0,0.45775953
1,1,0.99985826
0,0,0.3842691
1,1,0.997012
0,0,0.35933992
0,0,0.16730455
0,0,0.19438155
1,1,0.9268157
1,1,0.9996108
1,0,0.11781102
1,1,0.5522163
1,1,0.9999827
1,1,0.9481131
0,0,0.11973208
0,0,0.20139445
1,1,0.9997547
0,0,0.42956495
1,1,0.99998987
1,1,0.99932224
1,1,0.9829737
0,0,0.42627504
1,1,0.70694953
1,1,0.941646
0,1,0.6738302
0,0,0.45104128
1,1,0.9948652
0,0,0.14769307
1,1,0.77424455
1,1,0.99999166
0,1,0.7663689
0,0,0.071272686
1,1,0.9987924
1,0,0.36942458
0,0,0.020674426
0,0,0.02959901
1,0,0.13782217
0,0,0.039318297
0,0,0.2305052
0,1,0.8959824
1,0,0.16616724
1,1,0.9999391
1,1,0.5125778
0,0,0.23398298
1,1,0.99999833
0,0,0.2041945
0,0,0.14094527
1,1,0.8493771
1,1,0.9867268
0,1,0.7852189
0,1,0.8172235
0,0,0.092643976
0,0,0.33215073
0,0,0.19864514
1,1,0.9048854
0,0,0.14649612
1,0,0.102621846
1,1,0.9932608
0,0,0.12151601
1,1,0.99997663
1,1,0.9991669
1,1,0.9999989
1,0,0.2686281
1,1,0.99999666
1,1,0.62429714
1,1,0.8262532
1,1,0.9999881
1,1,0.9999989
1,1,0.9998627
0,0,0.15249127
0,0,0.30470133
1,1,0.99999666
1,1,0.9998989
0,0,0.061604805
0,1,0.95711154
1,1,0.9999999
1,0,0.39770067
1,1,0.6394257
1,1,0.99999976
0,0,0.033414505
1,1,0.83054274
1,1,0.85638237
1,1,1.0
1,1,1.0
1,1,0.99969953
1,1,0.86515844
0,0,0.34306598
0,0,0.017432306
1,1,0.99855036
0,0,0.44126987
0,0,0.328859
1,1,1.0
1,1,0.77764696
0,0,0.14875925
1,1,0.99999905
1,1,0.59532005
0,0,0.06423804
0,1,0.5112758
1,1,0.91517144
0,0,0.26965308
0,0,0.30965307
1,1,0.6545695
1,1,0.9999833
1,1,0.99950945
1,1,0.76901305
0,0,0.13146748
1,1,0.75270736
0,0,0.1325635
1,1,0.81907904
1,1,0.9997155
0,0,0.05799231
0,0,0.24837066
0,0,0.15219088
1,1,0.9999801
1,0,0.45887703
1,0,0.24827933
0,0,0.057944592
0,0,0.4874043
1,1,0.9887554
1,0,0.34206003
1,1,0.9999945
0,0,0.17366903
0,1,0.58687013
1,0,0.43396574
0,1,0.7644496
1,1,0.999369
1,1,0.8468794
0,0,0.19071165
1,1,0.99999166
0,1,0.6047943
1,1,0.93872476
1,1,0.9999052
0,0,0.09181157
0,0,0.09299997
0,1,0.6151744
1,1,0.9998965
1,1,0.99996185
0,0,0.009107386
0,0,0.33891535
1,1,0.99999356
1,1,0.9940556
1,1,0.5455279
1,1,0.7534438
1,1,0.9981779
0,0,0.11389934
0,0,0.04041076
0,1,0.6338714
0,0,0.076594226
0,0,0.040880412
1,1,0.9999429
1,1,0.53976035
1,1,0.9534219
1,1,0.99851185
0,0,0.49004322
1,1,0.99822074
1,1,0.997474
1,1,0.9986558
0,0,0.07599699
1,1,0.9999285
0,1,0.59006256
1,1,0.6325253
0,1,0.7209614
1,0,0.47339118
0,0,0.09132375
0,0,0.14627221
1,1,0.99995875
1,1,0.9999417
1,1,0.9999485
1,0,0.42097852
0,0,0.14550821
1,1,0.9999906
1,1,0.99993825
1,1,0.8407009
0,0,0.14080377
0,0,0.09542464
0,1,0.6279298
1,1,0.99999905
0,0,0.0825226
0,0,0.052002806
1,1,0.9986279
1,1,0.96752965
1,1,0.74485976
1,1,0.99998474
0,0,0.1732125
0,0,0.13604687
0,0,0.036827922
0,0,0.0053750686
0,0,0.11118557
0,0,0.09097703
0,1,0.83266336
1,1,0.99993706
0,0,0.4508975
1,1,0.9129656
1,1,0.9950511
1,1,0.5578888
0,0,0.42529944
0,0,0.087942526
1,1,0.9954745
1,1,0.9999999
0,0,0.07827899
1,1,0.99974483
1,1,0.99420017
1,1,0.9085843
1,1,0.9999933
0,0,0.36005884
0,0,0.08088808
1,1,0.99995196
0,0,0.25904423
1,1,0.9999865
1,1,0.99332243
1,1,0.94447535
1,1,0.92118365
1,1,0.88750684
0,0,0.04621758
1,1,0.9753694
0,0,0.108222455
1,1,0.9635841
1,1,0.9998518
0,0,0.024327796
1,1,0.99998987
1,1,0.9999691
0,0,0.12843245
1,1,0.9999467
1,1,0.99959433
0,0,0.28567484
0,0,0.032715186
1,1,0.99997747
1,1,0.9998599
0,0,0.36955658
1,0,0.22914204
1,1,0.99999404
1,1,0.9853188
1,1,0.9962038
1,1,0.99999154
1,1,0.99090254
1,1,0.9986811
1,1,0.96248466
0,1,0.68614733
1,1,0.99991167
1,1,0.9740626
1,1,0.9878763
1,1,0.9999957
1,1,0.9803506
1,1,0.994156
0,0,0.18447742
0,0,0.03224051
1,1,0.9990575
1,1,0.99997914
1,1,0.9993018
0,0,0.14436266
0,1,0.5919613
1,1,0.9711745
0,0,0.10791366
1,1,0.99999547
1,1,0.99977136
1,1,0.9661981
1,1,0.8595854
1,1,0.97413063
1,1,0.9997328
0,1,0.86022747
1,0,0.3086645
0,0,0.19777597
1,1,0.9905093
1,1,0.9553066
0,0,0.1593307
0,0,0.19358581
1,1,0.70034313
1,1,1.0
1,1,0.9999994
1,1,0.99678326
1,1,0.8845329
0,0,0.49912143
1,1,0.99999106
1,1,0.99999917
1,1,0.91433156
1,1,0.9999999
1,1,0.99840075
1,1,0.9999944
1,1,0.66814566
1,1,0.9999938
1,1,0.95762265
1,1,0.9998262
0,0,0.20761077
1,1,0.9946748
1,1,1.0
1,1,0.9998958
1,1,0.9999908
0,1,0.53564256
0,1,0.65923434
1,1,0.99999905
1,1,0.9896545
0,0,0.1371245
1,0,0.29426464
1,1,0.86119413
1,1,0.9997116
0,1,0.5336877
1,1,0.9969985
1,1,0.9961641
1,1,0.99999297
1,0,0.4564837
1,1,0.99992645
1,1,0.97314453
1,1,0.9994724
1,0,0.25584987
1,1,1.0
1,1,0.9999931
1,1,0.99959075
1,1,0.99995005
1,1,0.99989796
0,0,0.037796367
1,1,0.999762
1,1,0.9999602
1,1,0.9155656
1,1,0.9973223
0,0,0.28378054
1,1,0.9999989
1,1,0.5660296
1,1,0.999966
1,1,0.6778796
0,0,0.21386342
1,1,0.97947377
1,1,0.63953316
0,0,0.01645164
0,0,0.4246317
1,1,0.95433885
1,1,0.9999709
1,1,0.99999535
1,1,0.99905676
1,1,0.9956626
1,1,0.9998598
1,1,0.9999889
1,1,0.9764167
1,1,0.99999976
1,1,0.83640194
0,0,0.13293079
0,0,0.07945651
1,1,0.62232894
1,1,0.9454908
1,1,0.7561512
0,0,0.06976163
0,0,0.2306153
1,1,0.5629911
0,0,0.030664235
1,1,0.99720097
1,1,0.98261744
0,0,0.2704196
1,1,0.99900407
1,1,0.9999999
1,1,0.99999976
1,1,0.9990458
1,1,0.99957246
0,1,0.7417691
0,0,0.10855509
0,0,0.08542075
1,1,0.82936907
0,0,0.17565733
1,1,0.8400661
1,1,0.8720842
0,0,0.33308384
1,1,0.9999999
1,1,0.9077021
0,0,0.04225635
0,0,0.29978186
1,1,0.99769104
0,0,0.2820793
0,0,0.1115562
1,1,0.99901104
0,0,0.10327323
1,1,0.9999411
0,0,0.35536227
1,1,0.9999825
1,1,0.99967617
0,0,0.036089472
0,0,0.14782056
0,0,0.17247532
1,1,0.9999869
0,0,0.16404328
1,1,0.99996805
1,1,0.9999913
0,1,0.78648263
1,1,0.8477194
1,1,0.97639936
1,1,0.9849577
1,1,0.997396
0,0,0.11545086
0,0,0.10704776
1,0,0.20633873
1,1,0.999258
1,1,0.9994661
0,0,0.07184048
1,1,0.9983127
1,0,0.23030446
0,0,0.24072786
0,0,0.046587054
1,0,0.4404735
1,1,0.99989974
1,1,0.99720484
1,1,0.9831493
1,1,0.999923
1,1,0.92311996
1,1,0.99969965
1,1,0.9999993
1,1,0.99973935
1,1,0.99999714
1,1,0.99999666
1,1,0.9999862
1,1,0.99999964
1,1,0.99052936
1,1,0.999173
1,1,0.9921968
1,1,0.9999995
1,1,0.862617
1,1,0.98376936
1,1,0.99999845
1,1,1.0
1,1,0.9999999
0,0,0.019892126
1,1,0.9999695
0,0,0.11185784
1,1,0.9543815
1,0,0.23455109
0,0,0.01687801
